Country Name,Country Code,Series Name,Series Code,1960 [YR1960],1961 [YR1961],1962 [YR1962],1963 [YR1963],1964 [YR1964],1965 [YR1965],1966 [YR1966],1967 [YR1967],1968 [YR1968],1969 [YR1969],1970 [YR1970],1971 [YR1971],1972 [YR1972],1973 [YR1973],1974 [YR1974],1975 [YR1975],1976 [YR1976],1977 [YR1977],1978 [YR1978],1979 [YR1979],1980 [YR1980],1981 [YR1981],1982 [YR1982],1983 [YR1983],1984 [YR1984],1985 [YR1985],1986 [YR1986],1987 [YR1987],1988 [YR1988],1989 [YR1989],1990 [YR1990],1991 [YR1991],1992 [YR1992],1993 [YR1993],1994 [YR1994],1995 [YR1995],1996 [YR1996],1997 [YR1997],1998 [YR1998],1999 [YR1999],2000 [YR2000],2001 [YR2001],2002 [YR2002],2003 [YR2003],2004 [YR2004],2005 [YR2005],2006 [YR2006],2007 [YR2007],2008 [YR2008],2009 [YR2009],2010 [YR2010],2011 [YR2011],2012 [YR2012],2013 [YR2013],2014 [YR2014],2015 [YR2015],2016 [YR2016],2017 [YR2017],2018 [YR2018],2019 [YR2019],2020 [YR2020],2021 [YR2021],2022 [YR2022],2023 [YR2023]
Australia,AUS,"Life expectancy at birth, total (years)",SP.DYN.LE00.IN,70.81707317,70.97317073,70.94243902,70.91170732,70.88097561,70.8502439,70.8195122,70.86926829,70.91902439,70.96878049,71.01853659,71.06829268,71.45756098,71.84682927,72.23609756,72.62536585,73.01463415,73.34439024,73.67414634,74.00390244,74.33365854,74.66341463,74.90487805,75.14634146,75.38780488,75.62926829,75.87073171,76.15170732,76.43268293,76.71365854,76.99463415,77.27560976,77.37804878,77.87804878,77.87804878,77.82926829,78.07804878,78.4804878,78.63170732,78.93170732,79.23414634,79.63414634,79.93658537,80.23902439,80.4902439,80.84146341,81.04146341,81.29268293,81.39512195,81.54390244,81.69512195,81.89512195,82.04634146,82.14878049,82.3,82.4,82.44878049,82.5,82.74878049,82.9,83.2,83.3,83.2,..
Austria,AUT,"Life expectancy at birth, total (years)",SP.DYN.LE00.IN,68.58560976,69.57731707,69.3095122,69.44365854,69.92195122,69.72219512,70.04585366,69.91780488,70.05756098,69.83317073,69.91463415,70.11463415,70.46341463,71.01463415,71.01219512,71.11463415,71.56585366,71.91463415,72.01219512,72.31219512,72.46341463,72.81219512,72.96097561,73.01219512,73.61219512,73.81463415,74.31707317,74.76829268,75.21707317,75.26585366,75.56829268,75.61707317,75.81707317,76.06829268,76.4195122,76.66829268,76.87073171,77.3195122,77.67073171,77.87560976,78.12682927,78.57560976,78.67804878,78.63170732,79.1804878,79.33170732,79.8804878,80.1804878,80.43170732,80.33170732,80.5804878,80.98292683,80.93658537,81.13658537,81.4902439,81.1902439,81.64146341,81.64390244,81.69268293,81.89512195,81.19268293,81.1902439,81.09268293,..
Belgium,BEL,"Life expectancy at birth, total (years)",SP.DYN.LE00.IN,69.70195122,70.52097561,70.2195122,70.05146341,70.75512195,70.62536585,70.70634146,71.01292683,70.69317073,70.76487805,70.97195122,71.0604878,71.40512195,71.63536585,71.98585366,71.97121951,72.1197561,72.77390244,72.69804878,73.19365854,73.20707317,73.62170732,73.88804878,73.86902439,74.40487805,74.5202439,74.73170732,75.36585366,75.56585366,75.63268293,76.05195122,76.19219512,76.35121951,76.34536585,76.69170732,76.84073171,77.18731707,77.37073171,77.47317073,77.6195122,77.72195122,77.97317073,78.07560976,78.12926829,78.87804878,78.9804878,79.3804878,79.78292683,79.6804878,80.03414634,80.18292683,80.58536585,80.38536585,80.58780488,81.28780488,80.99268293,81.43902439,81.49268293,81.59512195,81.99512195,80.69512195,81.7902439,81.69756098,..
Brazil,BRA,"Life expectancy at birth, total (years)",SP.DYN.LE00.IN,52.66,53.183,53.71,54.209,54.648,55.084,55.473,55.868,56.31,56.748,57.171,57.586,58.032,58.472,58.881,59.353,59.792,60.24,60.72,61.253,61.781,62.333,62.856,63.331,63.773,64.198,64.64,65.08,65.454,65.868,65.985,66.31,66.708,67.109,67.568,67.919,68.409,68.813,69.189,69.524,69.737,70.195,70.41,70.72,71.131,71.753,72.037,72.365,72.715,72.948,73.182,73.343,73.552,73.918,74.306,74.332,74.442,74.827,75.109,75.338,74.009,72.75,73.425,..
Bulgaria,BGR,"Life expectancy at birth, total (years)",SP.DYN.LE00.IN,69.24756098,70.19560976,69.49195122,70.30926829,71.12121951,71.29390244,71.22341463,70.41390244,71.22512195,70.43,71.25634146,70.87365854,70.8995122,71.34219512,71.20804878,71.0497561,71.39487805,70.81609756,71.18463415,71.30829268,71.15756098,71.57195122,71.18609756,71.38634146,71.4997561,71.22804878,71.73073171,71.52682927,71.60439024,71.72243902,71.64146341,71.56097561,71.49439024,71.34682927,71.20878049,71.05341463,70.89731707,70.35121951,71.06097561,71.41219512,71.66341463,71.76829268,71.86585366,72.06585366,72.56341463,72.56097561,72.61219512,72.66341463,72.96341463,73.41219512,73.51219512,74.16341463,74.31463415,74.86097561,74.46585366,74.61463415,74.81219512,74.81463415,74.96341463,75.11219512,73.65853659,71.46341463,74.36097561,..
Canada,CAN,"Life expectancy at birth, total (years)",SP.DYN.LE00.IN,71.13317073,71.34609756,71.36707317,71.38073171,71.77634146,71.87219512,72.00439024,72.20780488,72.35341463,72.50146341,72.7004878,73.02926829,72.93390244,73.16268293,73.23756098,73.52170732,73.85609756,74.21560976,74.5297561,74.86634146,75.10219512,75.49780488,75.72512195,76.0604878,76.33195122,76.32731707,76.46390244,76.77878049,76.85878049,77.12487805,77.43658537,77.59341463,77.83804878,77.70487805,77.87170732,77.97731707,78.2202439,78.41243902,78.62365854,78.83902439,79.16682927,79.39804878,79.53073171,79.71512195,79.99219512,80.11268293,80.54365854,80.54365854,80.72463415,81.06609756,81.32219512,81.48268293,81.66365854,81.74487805,81.78439024,81.81560976,81.92487805,81.83292683,81.84390244,82.22390244,81.6604878,81.58707317,81.29560976,..
Chile,CHL,"Life expectancy at birth, total (years)",SP.DYN.LE00.IN,57.015,57.537,57.771,57.15,58.738,59.455,59.689,60.72,61.63,61.905,62.491,62.732,62.281,63.905,64.901,66.279,65.855,67.402,68.074,68.186,68.84,69.909,70.299,70.011,70.46,71.176,71.81,72.54,72.456,72.467,72.574,73.574,74.135,74.195,74.614,74.609,74.899,75.596,75.669,76.018,76.87,76.773,77.445,77.387,77.616,78.016,78.261,77.826,78.484,78.741,78.501,79.11,79.023,79.339,79.473,79.746,80.079,80.35,80.133,80.326,79.377,78.944,79.519,..
Colombia,COL,"Life expectancy at birth, total (years)",SP.DYN.LE00.IN,57.13,57.73,58.301,58.892,59.375,59.815,60.204,60.531,60.871,61.216,61.569,62.051,62.569,63.06,63.64,64.27,64.845,65.424,65.954,66.38,66.868,67.197,67.531,67.745,67.979,66.276,68.26,68.268,68.391,68.533,68.644,68.813,69.038,69.342,69.613,69.933,70.189,70.492,70.738,70.926,71.32,71.502,71.939,72.361,72.695,73.081,73.468,73.837,74.295,74.742,75.033,75.32,75.597,75.827,76.043,76.257,76.471,76.646,76.748,76.752,74.769,72.83,73.659,..
Costa Rica,CRI,"Life expectancy at birth, total (years)",SP.DYN.LE00.IN,60.415,60.901,61.111,61.624,62.083,62.663,63.367,63.921,64.428,65.016,65.361,66.301,66.716,67.953,68.454,69.4,70.294,71.288,72.239,72.423,72.899,73.799,74.654,75.079,75.091,75.111,75.505,75.741,76.106,76.263,76.63,76.591,76.627,76.703,76.67,76.552,76.804,77.07,76.896,77.138,77.586,77.545,77.983,78.072,78.331,78.505,78.514,78.462,78.445,78.672,78.67,79.348,79.283,79.403,78.774,79.086,79.459,79.377,79.484,79.427,79.277,77.023,77.32,..
Croatia,HRV,"Life expectancy at birth, total (years)",SP.DYN.LE00.IN,65.48236585,66.18034146,66.46914634,66.85580488,67.29231707,67.83256098,68.12143902,68.29895122,68.38641463,68.66029268,68.81263415,69.14017073,69.44178049,69.8484878,70.14365854,70.00195122,70.45536585,70.74439024,70.53878049,70.42731707,70.17536585,70.34439024,70.48268293,70.27487805,70.21853659,70.88609756,71.41902439,71.4702439,71.48829268,71.84463415,72.1704878,72.18536585,71.24146341,71.52243902,71.80341463,72.08439024,72.36536585,72.49512195,72.31707317,72.64195122,72.80780488,74.51292683,74.71731707,74.61390244,75.5202439,75.24463415,75.83682927,75.70560976,75.91219512,76.16829268,76.47560976,76.77560976,76.92439024,77.12682927,77.47804878,77.27560976,78.02195122,77.82682927,78.07073171,78.42439024,77.72439024,76.42439024,77.57560976,..
Denmark,DNK,"Life expectancy at birth, total (years)",SP.DYN.LE00.IN,72.17658537,72.43829268,72.3197561,72.4004878,72.48512195,72.37073171,72.44414634,72.92219512,73.12146341,73.22097561,73.34341463,73.41463415,73.43902439,73.68219512,73.80829268,74.07512195,73.7397561,74.63243902,74.39292683,74.21926829,74.10170732,74.2304878,74.55121951,74.4204878,74.56219512,74.42756098,74.5797561,74.69121951,74.77170732,74.7997561,74.80536585,75.15780488,75.19414634,75.11682927,75.37512195,75.21268293,75.59146341,75.94512195,76.13902439,76.34146341,76.59268293,76.79268293,76.89512195,77.14390244,77.49268293,77.84390244,78.09512195,78.19512195,78.44634146,78.59756098,79.1,79.8,80.05121951,80.3,80.7,80.70243902,80.85365854,81.10243902,80.95365854,81.45121951,81.60243902,81.40487805,81.30487805,..
Estonia,EST,"Life expectancy at birth, total (years)",SP.DYN.LE00.IN,68.9335122,68.96212195,68.79180488,69.21012195,70.05731707,69.68073171,69.6277561,69.94014634,69.75121951,69.26590244,69.41009756,69.81517073,69.59214634,69.79946341,70.07860976,69.35436585,68.92568293,69.32482927,68.92060976,68.78585366,68.79563415,68.97804878,69.12682927,69.37560976,69.27804878,69.3804878,70.08536585,70.64390244,70.69756098,70.03902439,69.47560976,69.37317073,68.86341463,67.9097561,66.5,67.54390244,69.61219512,69.8097561,69.35853659,70.06341463,70.41707317,70.25853659,70.90487805,71.31707317,71.9097561,72.56829268,72.69146341,72.81463415,73.77073171,74.82439024,75.42926829,76.22926829,76.32682927,77.14146341,77.03414634,77.5902439,77.64146341,78.09268293,78.24390244,78.64634146,78.59512195,76.94390244,77.94390244,..
Finland,FIN,"Life expectancy at birth, total (years)",SP.DYN.LE00.IN,68.8197561,68.84414634,68.57780488,69.01268293,69.22097561,68.97780488,69.47707317,69.66658537,69.61634146,69.50341463,70.1795122,70.01756098,70.70731707,71.22365854,71.13487805,71.67365854,71.81292683,72.3502439,72.89707317,73.15536585,73.44,73.74658537,74.29804878,74.20097561,74.51902439,74.22292683,74.56,74.59195122,74.57707317,74.79219512,74.81317073,75.22756098,75.45536585,75.70512195,76.39560976,76.4095122,76.69341463,76.87853659,77.09073171,77.29121951,77.46585366,77.96585366,78.1195122,78.36829268,78.71463415,78.81707317,79.21463415,79.26341463,79.56829268,79.7195122,79.87073171,80.47073171,80.62682927,80.97560976,81.1804878,81.4804878,81.42926829,81.63170732,81.73414634,81.98292683,81.93170732,81.88536585,81.18780488,..
France,FRA,"Life expectancy at birth, total (years)",SP.DYN.LE00.IN,69.86829268,70.11707317,70.31463415,70.51463415,70.66341463,70.81219512,70.96097561,71.16097561,71.3097561,71.45853659,71.65853659,71.90731707,72.10731707,72.35609756,72.60487805,72.85365854,73.10243902,73.35121951,73.60243902,73.85121951,74.05121951,74.3,74.5,74.8,75,75.3,75.6,75.8,76.1,76.34878049,76.6,76.84878049,77.1,77.3,77.64878049,77.75121951,77.95365854,78.30487805,78.60487805,78.75609756,79.05609756,79.15853659,79.26097561,79.11463415,80.16341463,80.16341463,80.81219512,81.11219512,81.21463415,81.41463415,81.66341463,82.11463415,81.96829268,82.2195122,82.7195122,82.32195122,82.57317073,82.57560976,82.67560976,82.82682927,82.17560976,82.32439024,82.22926829,..
Germany,DEU,"Life expectancy at birth, total (years)",SP.DYN.LE00.IN,69.06407317,69.64487805,69.79921951,69.91407317,70.43556098,70.41036585,70.52158537,70.73173171,70.37846341,70.22880488,70.44719512,70.6767561,70.90670732,71.11280488,71.41892683,71.2592439,71.71221951,72.30731707,72.29041463,72.63017073,72.80031707,73.04021951,73.33314634,73.62214634,74.07229268,74.18909756,74.39682927,74.80702439,74.99873171,75.19153659,75.08563415,75.3195122,75.8195122,75.87073171,76.27073171,76.42195122,76.67317073,77.07317073,77.47560976,77.72682927,77.92682927,78.32926829,78.22926829,78.3804878,78.6804878,78.93170732,79.13170732,79.53414634,79.73658537,79.83658537,79.98780488,80.43658537,80.53902439,80.4902439,81.0902439,80.64146341,80.9902439,80.99268293,80.89268293,81.29268293,81.04146341,80.7902439,80.70560976,..
Greece,GRC,"Life expectancy at birth, total (years)",SP.DYN.LE00.IN,69.3,70.31585366,70.25497561,70.61053659,70.56939024,71.42831707,71.75270732,71.29878049,71.43019512,72.00434146,72.77080488,73.00956098,72.78268293,72.98197561,73.41558537,73.37636585,73.634,73.67080488,74.3587561,74.62107317,74.54626829,74.95743902,75.25053659,75.51773171,75.77439024,76.08290244,76.48265854,76.27985366,76.9807561,76.68780488,76.93902439,77.13658537,77.38292683,77.3902439,77.63902439,77.58536585,77.68536585,78.13658537,77.83902439,77.98780488,77.88780488,78.38780488,78.64146341,78.84146341,79.03902439,79.23902439,79.43902439,79.43902439,79.93902439,80.18780488,80.38780488,80.73170732,80.63414634,81.28536585,81.38536585,81.03658537,81.38780488,81.28780488,81.78780488,81.63902439,81.28780488,80.08292683,80.63658537,..
Hungary,HUN,"Life expectancy at birth, total (years)",SP.DYN.LE00.IN,68.00317073,68.93609756,67.86585366,68.87414634,69.38097561,69.07121951,69.82243902,69.40707317,69.2302439,69.31463415,69.16463415,69.05243902,69.66463415,69.51804878,69.24804878,69.29,69.57317073,69.84804878,69.39390244,69.61536585,69.06170732,69.13926829,69.35780488,68.97365854,69.02585366,68.97219512,69.17341463,69.65121951,70.02341463,69.46170732,69.31560976,69.37707317,69.11707317,69.10121951,69.4697561,69.79170732,70.32878049,70.70243902,70.55780488,70.67707317,71.24634146,72.24878049,72.34878049,72.3,72.64878049,72.64878049,73.09756098,73.15121951,73.70243902,73.90487805,74.20731707,74.85853659,75.06341463,75.56585366,75.76341463,75.56829268,76.06341463,75.81707317,76.06585366,76.3195122,75.56829268,74.16341463,76.01707317,..
Iceland,ISL,"Life expectancy at birth, total (years)",SP.DYN.LE00.IN,73.76204878,73.50341463,73.72195122,73.04292683,73.54170732,73.86878049,73.3004878,73.78317073,74.00585366,73.77634146,73.93390244,73.5704878,74.45585366,74.45097561,74.51170732,75.57878049,76.97219512,76.37365854,76.64926829,76.77317073,76.84658537,76.52146341,77.03780488,76.84560976,77.57658537,77.60243902,77.99073171,77.33902439,77.08292683,78.14097561,78.03634146,77.99195122,78.7602439,78.93463415,79.24707317,77.98439024,78.77780488,78.88536585,79.60243902,79.35121951,79.65365854,80.6902439,80.50243902,80.96341463,80.99756098,81.50243902,81.15853659,81.45365854,81.6097561,81.75121951,81.89756098,82.35853659,82.91707317,82.06097561,82.86097561,82.46829268,82.20487805,82.66097561,82.86097561,83.16341463,83.06341463,83.16585366,82.17073171,..
India,IND,"Life expectancy at birth, total (years)",SP.DYN.LE00.IN,45.218,45.398,45.659,45.936,46.184,44.98,45.333,45.674,47.471,47.857,48.241,48.632,49.025,49.539,50.244,50.812,51.388,51.909,52.492,53.06,53.611,54.175,54.732,55.281,55.816,56.334,56.835,57.315,57.777,58.233,58.652,59.055,59.452,59.815,60.216,60.596,60.984,61.388,61.792,62.207,62.669,63.091,63.616,64.094,64.524,64.996,65.412,65.788,66.149,66.513,66.909,67.359,67.887,68.46,69.074,69.636,70.117,70.467,70.71,70.91,70.15,67.24,67.744,..
Ireland,IRL,"Life expectancy at birth, total (years)",SP.DYN.LE00.IN,70.19426829,69.67829268,69.99104878,70.23009756,70.48992683,70.695,70.21695122,71.24536585,70.941,70.85282927,70.90156098,71.67585366,71.0217561,71.23997561,71.17556098,71.75304878,71.85660976,71.99739024,71.99631707,72.26802439,72.59541463,72.95178049,73.20904878,73.24009756,73.66373171,73.62190244,73.66553659,74.43239024,74.43941463,74.45521951,74.84607317,75.025,75.41509756,75.29219512,75.78712195,75.46980488,75.83170732,75.98536585,76.1804878,76.08292683,76.53658537,77.13414634,77.63414634,78.13902439,78.53902439,78.94390244,79.24146341,79.64146341,80.09512195,80.1902439,80.74390244,80.74634146,80.84634146,80.94878049,81.34878049,81.45365854,81.65365854,82.15609756,82.20487805,82.70243902,82.55609756,82.35365854,83.05609756,..
Israel,ISR,"Life expectancy at birth, total (years)",SP.DYN.LE00.IN,..,72.00658537,72.11219512,..,..,..,72.28560976,71.5097561,71.05658537,70.9704878,71.21341463,71.71902439,71.07804878,71.69341463,71.66170732,72.04512195,72.95609756,72.95853659,73.20731707,73.50731707,73.87560976,74.26097561,74.1097561,74.45853659,74.80731707,75.20731707,74.95609756,75.25853659,74.43658537,76.30731707,76.60731707,76.75853659,76.50487805,77.15365854,77.40243902,77.45121951,78.10487805,78,78.14878049,78.65853659,78.95365854,79.40731707,79.45121951,79.64878049,80.14634146,80.15121951,80.55365854,80.50487805,80.95121951,81.40487805,81.60243902,81.65609756,81.70487805,82.05609756,82.15365854,82.05121951,82.40731707,82.55121951,82.80243902,82.80487805,82.64878049,82.5,82.7,..
Italy,ITA,"Life expectancy at birth, total (years)",SP.DYN.LE00.IN,69.12390244,69.7602439,69.1497561,69.24804878,70.31170732,70.17170732,70.92609756,70.95658537,70.78,70.81195122,71.55878049,71.80682927,72.07536585,72.02634146,72.73439024,72.64731707,72.99195122,73.36463415,73.69317073,74.00268293,73.94317073,74.35390244,74.81463415,74.6402439,75.3895122,75.47073171,75.77073171,76.2195122,76.37073171,76.8195122,76.97073171,77.0195122,77.4195122,77.72195122,77.92195122,78.17073171,78.52195122,78.82439024,78.97560976,79.42439024,79.77804878,80.12682927,80.22926829,79.98292683,80.7804878,80.78292683,81.28292683,81.43414634,81.48536585,81.63658537,82.03658537,82.18780488,82.23902439,82.6902439,83.0902439,82.54390244,83.24390244,82.94634146,83.34634146,83.49756098,82.19512195,82.64634146,82.9,..
Japan,JPN,"Life expectancy at birth, total (years)",SP.DYN.LE00.IN,67.69560976,68.35195122,68.63487805,69.71243902,70.20658537,70.26682927,70.91585366,71.46609756,71.61097561,71.85804878,71.9197561,72.80902439,73.15365854,73.29512195,73.67219512,74.24707317,74.68658537,75.25585366,75.58463415,76.10878049,75.98902439,76.39487805,76.87365854,76.92195122,77.29121951,77.5604878,78.0104878,78.4295122,78.3497561,78.76853659,78.83707317,79.03682927,79.0802439,79.30365854,79.69682927,79.53609756,80.2197561,80.42414634,80.50146341,80.46097561,81.07609756,81.41634146,81.69073171,81.76,82.0302439,81.95512195,82.32195122,82.50707317,82.58756098,82.93146341,82.84268293,82.59121951,83.09609756,83.33195122,83.58780488,83.79390244,83.98487805,84.0997561,84.21097561,84.35634146,84.56,84.44560976,83.99634146,..
"Korea, Rep.",KOR,"Life expectancy at birth, total (years)",SP.DYN.LE00.IN,54.3202439,54.924,55.5195122,55.97487805,57.17478049,58.2404878,59.50470732,61.28812195,61.559,62.05102439,62.16341463,62.61219512,63.0097561,63.40731707,63.80487805,64.15365854,64.50243902,64.9,65.19756098,65.54634146,66.04634146,66.54634146,67.09512195,67.54634146,68.19512195,68.79512195,69.44634146,69.99756098,70.54878049,71.04878049,71.59756098,72.04634146,72.49756098,72.99756098,73.39756098,73.7,74.15121951,74.60243902,75.00487805,75.4097561,75.9097561,76.41219512,76.76585366,77.21463415,77.66585366,78.16829268,78.66829268,79.1195122,79.51707317,79.96829268,80.11707317,80.56829268,80.8195122,81.27073171,81.72195122,82.02439024,82.27560976,82.62682927,82.62682927,83.22682927,83.42682927,83.52682927,82.6804878,..
Latvia,LVA,"Life expectancy at birth, total (years)",SP.DYN.LE00.IN,69.78682927,70.03243902,69.4304878,69.82902439,71.02804878,70.72658537,70.70731707,70.39390244,70.04292683,69.79682927,69.83536585,70.16463415,69.87878049,69.81341463,69.74097561,68.92536585,69.04780488,69.10463415,68.98780488,68.49560976,68.80853659,68.78634146,69.32829268,69.11902439,69.16292683,69.29146341,70.62243902,70.69292683,70.61536585,70.15536585,69.27317073,69.03243902,68.39609756,66.72268293,65.66439024,66.39121951,68.77658537,69.34926829,69.01219512,69.74292683,70.31463415,70.76097561,70.96097561,71.26585366,72.02682927,71.35609756,70.86585366,71.0195122,72.4195122,73.0804878,73.48292683,73.57560976,73.77804878,73.98292683,74.12439024,74.4804878,74.5804878,74.62926829,74.78292683,75.38780488,75.18536585,72.9804878,74.5804878,..
Lithuania,LTU,"Life expectancy at birth, total (years)",SP.DYN.LE00.IN,69.84731707,70.10268293,69.09536585,70.20439024,71.50902439,71.32512195,71.5202439,71.60390244,71.31365854,70.92853659,70.80439024,71.73536585,71.02463415,71.33219512,71.24414634,70.86731707,70.95804878,70.8095122,70.60463415,70.48219512,70.48219512,70.46073171,70.83682927,70.77780488,70.32,70.50121951,72.08073171,71.93463415,71.76219512,71.42536585,71.16073171,70.36414634,70.23439024,68.9104878,68.5302439,69.00634146,70.10804878,70.90902439,71.2195122,71.57073171,72.0195122,71.65853659,71.76097561,72.06097561,71.96097561,71.25365854,71.05609756,70.9,71.81219512,72.91463415,73.26829268,73.56341463,73.86341463,73.91463415,74.51707317,74.32195122,74.67073171,75.4804878,75.6804878,76.28292683,74.97804878,74.03658537,75.79268293,..
Luxembourg,LUX,"Life expectancy at birth, total (years)",SP.DYN.LE00.IN,68.59253659,69.26682927,68.10517073,68.72192683,69.39168293,69.02541463,69.17563415,69.23402439,69.66243902,69.48070732,69.59321951,69.1952439,70.32158537,70.24036585,70.15717073,70.29860976,69.97514634,71.45865854,71.49580488,72.33078049,72.20680488,72.3697561,72.65034146,72.78112195,73.05321951,73.53419512,73.9955122,74.07609756,74.78821951,74.56626829,75.43831707,75.46341463,75.77073171,75.71219512,76.37073171,76.51219512,76.5195122,76.8804878,77.01707317,77.77073171,77.87317073,77.82439024,77.96585366,77.72682927,79.12195122,79.43170732,79.28780488,79.38292683,80.53902439,80.63658537,80.63170732,80.98780488,81.39268293,81.8,82.22926829,82.29268293,82.68536585,82.09512195,82.29512195,82.63902439,82.14390244,82.59756098,83.04634146,..
Mexico,MEX,"Life expectancy at birth, total (years)",SP.DYN.LE00.IN,55.017,55.831,56.599,57.31,57.947,58.499,58.981,59.42,59.835,60.25,60.69,61.155,61.614,62.055,62.459,62.81,63.123,63.434,63.778,64.189,64.703,65.313,65.975,66.644,67.29,67.874,68.388,68.844,69.253,69.623,69.971,70.298,70.616,70.942,71.279,71.646,72.037,72.445,72.845,73.225,73.569,73.867,74.106,74.274,74.372,74.376,74.331,74.238,74.152,74.119,74.19,74.365,74.574,74.739,74.797,74.682,74.412,74.138,74.015,74.202,70.133,70.213,74.832,..
Netherlands,NLD,"Life expectancy at birth, total (years)",SP.DYN.LE00.IN,73.39268293,73.65268293,73.32390244,73.33707317,73.70414634,73.56878049,73.51292683,73.80414634,73.61268293,73.5395122,73.58560976,73.8095122,73.72707317,74.14390244,74.53682927,74.49878049,74.64707317,75.22146341,75.14512195,75.60609756,75.74317073,75.93439024,75.98853659,76.16414634,76.23317073,76.28463415,76.2704878,76.70512195,76.8902439,76.73414634,76.87804878,77,77.21707317,76.91658537,77.37512195,77.40463415,77.43560976,77.79439024,77.88292683,77.83658537,77.98780488,78.1902439,78.29268293,78.49268293,79.09512195,79.34634146,79.69756098,80.09756098,80.25121951,80.54878049,80.70243902,81.20487805,81.10487805,81.30487805,81.70731707,81.5097561,81.56097561,81.76097561,81.81219512,82.11219512,81.35853659,81.3097561,81.71463415,..
New Zealand,NZL,"Life expectancy at birth, total (years)",SP.DYN.LE00.IN,71.23658537,70.98536585,71.23170732,71.2804878,71.32926829,71.22682927,71.12439024,71.47317073,71.12439024,71.47317073,71.27317073,71.77317073,71.82926829,71.66829268,71.92439024,72.2195122,72.42195122,72.16829268,73.0195122,73.06829268,72.82926829,73.62195122,73.72439024,73.77560976,74.37073171,73.82926829,74.12195122,74.17804878,74.42439024,74.82439024,75.37804878,76.03170732,76.12439024,76.43414634,76.88292683,76.73414634,76.78780488,77.33414634,78.08536585,77.8902439,78.63658537,78.69268293,78.84634146,79.14634146,79.54878049,79.85121951,80.04878049,80.15121951,80.35121951,80.70243902,80.90487805,81.15609756,81.40731707,81.40487805,81.45682927,81.61243902,81.65853659,81.85853659,81.70731707,82.05609756,82.25609756,82.20731707,82.76097561,..
Norway,NOR,"Life expectancy at birth, total (years)",SP.DYN.LE00.IN,73.5497561,73.5504878,73.44804878,73.07756098,73.59585366,73.72317073,73.99536585,74.06658537,73.94195122,73.66341463,74.08804878,74.17926829,74.34463415,74.44219512,74.75365854,74.81756098,75.0395122,75.38682927,75.41853659,75.41390244,75.67170732,75.86902439,76.01097561,76.06682927,76.22439024,75.91682927,76.24121951,76.08170732,76.2204878,76.5004878,76.53731707,76.98073171,77.18439024,77.15170732,77.6897561,77.73658537,78.1504878,78.14268293,78.32926829,78.28292683,78.63414634,78.78536585,78.98780488,79.3902439,79.84146341,80.04146341,80.34390244,80.39512195,80.59268293,80.79512195,80.99756098,81.29512195,81.45121951,81.75121951,82.1,82.30487805,82.40731707,82.6097561,82.75853659,82.95853659,83.2097561,83.16341463,82.56097561,..
Poland,POL,"Life expectancy at birth, total (years)",SP.DYN.LE00.IN,67.6804878,67.77804878,67.42682927,68.37560976,68.62926829,69.42926829,69.82682927,69.42439024,70.2195122,69.7195122,69.86829268,69.61219512,70.66585366,70.66341463,71.11707317,70.56097561,70.65609756,70.40243902,70.35121951,70.75121951,70.09756098,71.05121951,71.10243902,71,70.8,70.54878049,70.84878049,70.89756098,71.33170732,71.04390244,70.8902439,70.58780488,71.0902439,71.59512195,71.69512195,71.89268293,72.24634146,72.64634146,72.99756098,73.04390244,73.74878049,74.2,74.49756098,74.59756098,74.84634146,74.99512195,75.14390244,75.24390244,75.54390244,75.69512195,76.24634146,76.69512195,76.74634146,77,77.60243902,77.45121951,77.85121951,77.75365854,77.60243902,77.90487805,76.5,75.50243902,77.30487805,..
Portugal,PRT,"Life expectancy at birth, total (years)",SP.DYN.LE00.IN,64.00746341,62.6665122,64.18102439,64.78839024,64.98339024,65.96046341,65.48765854,66.33407317,66.67819512,66.27817073,67.07317073,66.77073171,68.32439024,67.52439024,68.0195122,68.3097561,68.86097561,70.01219512,70.31707317,71.16829268,71.21463415,71.61463415,72.41463415,72.26585366,72.51463415,72.81463415,73.26585366,73.66585366,73.71463415,74.26585366,73.96585366,74.01463415,74.31219512,74.51219512,74.91463415,75.31219512,75.26097561,75.41219512,75.71219512,75.96341463,76.31463415,76.81463415,77.06585366,77.2195122,77.67073171,78.07073171,78.4195122,78.32195122,78.52439024,78.72682927,79.02682927,80.47073171,80.37317073,80.72195122,81.12195122,81.12439024,81.12439024,81.42439024,81.32439024,81.67560976,80.97560976,81.37804878,81.5804878,..
Romania,ROU,"Life expectancy at birth, total (years)",SP.DYN.LE00.IN,65.86053659,65.87714634,65.25565854,67.07170732,67.84512195,67.70726829,68.89765854,67.51595122,67.56036585,66.69207317,67.48241463,68.50414634,68.4702439,69.00560976,69.4997561,69.61390244,69.69878049,69.74195122,69.4804878,69.15317073,69.09097561,69.36829268,69.53170732,69.72634146,69.65878049,69.70682927,69.49634146,69.22682927,69.38804878,69.53073171,69.74121951,69.78439024,69.78439024,69.56341463,69.5097561,69.45609756,69.10487805,69.00487805,69.80731707,70.51219512,71.16341463,71.16097561,71.0097561,71.3097561,71.56097561,71.91219512,72.16341463,72.56585366,72.56585366,73.3097561,73.45853659,74.4097561,74.41219512,75.06341463,74.9097561,74.91219512,75.2097561,75.2097561,75.35853659,75.60731707,74.25365854,72.8097561,75.30487805,..
Slovenia,SVN,"Life expectancy at birth, total (years)",SP.DYN.LE00.IN,68.97804878,68.97804878,68.97804878,68.62195122,68.66341463,68.36585366,69.01219512,69.36585366,68.91707317,68.36097561,68.6097561,68.83414634,69.05853659,69.40487805,70.16097561,70.35853659,70.30731707,70.55609756,70.70243902,70.85365854,71.10487805,71.20487805,71.05365854,70.54146341,70.90243902,71.35121951,71.80243902,72.00243902,72.44634146,72.70487805,73.20487805,73.35365854,73.30487805,73.25365854,73.40487805,73.95853659,74.45853659,74.70731707,74.80731707,75.0097561,75.41219512,75.75853659,76.00731707,76.85853659,77.20731707,77.61219512,78.08658537,78.56097561,78.76585366,78.97073171,79.42195122,79.97073171,80.12439024,80.32195122,81.07804878,80.77560976,81.17560976,81.02926829,81.37804878,81.52926829,80.53170732,80.67560976,81.28292683,..
South Africa,ZAF,"Life expectancy at birth, total (years)",SP.DYN.LE00.IN,52.669,53.085,53.376,53.633,53.906,54.192,54.391,54.626,54.876,55.194,55.579,55.955,56.272,56.722,57.117,57.512,58.006,58.492,58.979,59.395,59.813,60.364,60.933,61.465,61.907,62.38,62.912,63.041,63.345,63.31,63.375,63.265,63.341,63.045,62.612,62.262,61.459,60.805,60.001,59.241,58.47,57.261,55.666,54.331,54.043,53.98,54.278,54.992,56.022,57.447,58.899,60.651,61.846,62.533,63.38,63.95,64.747,65.402,65.674,66.175,65.252,62.341,61.48,..
Spain,ESP,"Life expectancy at birth, total (years)",SP.DYN.LE00.IN,69.10926829,69.4804878,69.51902439,69.68121951,70.3997561,70.80926829,71.05512195,71.25292683,71.53780488,71.05756098,72.02731707,71.6302439,72.81804878,72.61073171,72.9697561,73.31878049,73.64268293,74.13195122,74.29560976,74.81878049,75.34926829,75.52853659,76.13414634,75.90902439,76.29536585,76.2595122,76.5104878,76.72804878,76.74707317,76.81365854,76.83756098,76.97121951,77.41,77.54658537,77.90146341,77.98073171,78.1204878,78.60414634,78.66585366,78.71707317,78.96585366,79.36829268,79.56829268,79.6195122,79.87073171,80.17073171,80.82195122,80.87317073,81.17560976,81.47560976,81.62682927,82.47560976,82.42682927,83.07804878,83.22926829,82.83170732,83.32926829,83.28292683,83.43170732,83.83170732,82.33170732,83.22926829,83.08292683,..
Sweden,SWE,"Life expectancy at birth, total (years)",SP.DYN.LE00.IN,73.00560976,73.47439024,73.3504878,73.55536585,73.73317073,73.86170732,74.07853659,74.12243902,73.97292683,74.08487805,74.64926829,74.62390244,74.71804878,74.86731707,74.9804878,74.98463415,74.96926829,75.3797561,75.46902439,75.52414634,75.74097561,76.02609756,76.32731707,76.55170732,76.81585366,76.66780488,76.93121951,77.09219512,76.97926829,77.72682927,77.53682927,77.66682927,77.99878049,78.0604878,78.6502439,78.7404878,78.95902439,79.19756098,79.33902439,79.44146341,79.64390244,79.79512195,79.84634146,80.09512195,80.49756098,80.54634146,80.74878049,80.9,81.1,81.35121951,81.45121951,81.80243902,81.70487805,81.95609756,82.25365854,82.20487805,82.30731707,82.4097561,82.55853659,83.1097561,82.35609756,83.05609756,83.1097561,..
Switzerland,CHE,"Life expectancy at birth, total (years)",SP.DYN.LE00.IN,71.31341463,71.64487805,71.19609756,71.18756098,72.07780488,72.20170732,72.33560976,72.63658537,72.5902439,72.61268293,73.0202439,73.13073171,73.64439024,73.94097561,74.28707317,74.66560976,74.78536585,75.23804878,75.18731707,75.46609756,75.45926829,75.69317073,76.03390244,76.03121951,76.60853659,76.73365854,76.89902439,77.19756098,77.22658537,77.42121951,77.24243902,77.51463415,77.80609756,78.08536585,78.35,78.41707317,78.89609756,79.0795122,79.32439024,79.5804878,79.6804878,80.1804878,80.38536585,80.53658537,81.08780488,81.23658537,81.4902439,81.74146341,81.99268293,82.04390244,82.24634146,82.69512195,82.69756098,82.79756098,83.19756098,82.89756098,83.60243902,83.55121951,83.75365854,83.90487805,83,83.75121951,83.45365854,..
Turkiye,TUR,"Life expectancy at birth, total (years)",SP.DYN.LE00.IN,50.74,51.55,52.382,53.173,53.714,54.258,54.71,55.361,55.835,56.378,56.895,57.409,58.069,58.521,59.051,59.497,59.965,60.743,61.37,61.912,62.504,63.01,63.604,64.146,64.706,65.24,65.772,66.278,66.794,67.245,67.709,68.169,68.486,68.911,69.295,69.609,70.141,70.57,71.039,70.695,71.861,72.231,72.579,72.89,73.24,73.534,73.845,74.193,74.45,74.765,75.069,74.941,75.678,76.297,76.565,76.646,76.66,77.141,77.563,77.832,75.85,76.032,78.475,..
United Kingdom,GBR,"Life expectancy at birth, total (years)",SP.DYN.LE00.IN,71.12682927,70.87804878,70.92682927,70.82682927,71.62439024,71.62439024,71.57317073,72.12439024,71.72439024,71.72195122,71.97317073,72.27317073,72.12439024,72.32439024,72.52439024,72.72439024,72.77560976,73.22439024,73.17560976,73.27560976,73.67560976,74.02682927,74.17804878,74.37804878,74.77804878,74.62926829,74.92926829,75.2804878,75.3804878,75.58292683,75.8804878,76.08292683,76.43414634,76.38536585,76.88536585,76.83658537,77.08780488,77.21097561,77.1902439,77.3902439,77.74146341,77.99268293,78.14390244,78.44634146,78.74634146,79.04878049,79.24878049,79.44878049,79.6,80.05121951,80.40243902,80.95121951,80.90487805,81.00487805,81.30487805,80.95609756,81.15609756,81.25609756,81.25609756,81.40487805,80.35121951,80.7,82.05853659,..
United States,USA,"Life expectancy at birth, total (years)",SP.DYN.LE00.IN,69.77073171,70.27073171,70.1195122,69.91707317,70.16585366,70.21463415,70.21219512,70.56097561,69.95121951,70.50731707,70.80731707,71.10731707,71.15609756,71.35609756,71.95609756,72.60487805,72.85609756,73.25609756,73.35609756,73.80487805,73.6097561,74.0097561,74.36097561,74.46341463,74.56341463,74.56341463,74.61463415,74.76585366,74.76585366,75.01707317,75.21463415,75.36585366,75.61707317,75.4195122,75.6195122,75.62195122,76.02682927,76.42926829,76.5804878,76.58292683,76.63658537,76.83658537,76.93658537,77.03658537,77.48780488,77.48780488,77.68780488,77.98780488,78.03902439,78.3902439,78.54146341,78.64146341,78.74146341,78.74146341,78.84146341,78.6902439,78.53902439,78.53902439,78.63902439,78.78780488,76.9804878,76.32926829,77.43414634,..